{
  "results": {
    "tasks": [
      "web_scraping",
      "data_processing",
      "api_interaction",
      "file_operations",
      "string_manipulation"
    ],
    "languages": [
      "anarchy_inference",
      "python",
      "javascript",
      "rust"
    ],
    "token_counts": {
      "anarchy_inference": [
        321,
        616,
        554,
        647,
        861
      ],
      "python": [
        307,
        433,
        540,
        604,
        719
      ],
      "javascript": [
        305,
        433,
        518,
        567,
        737
      ],
      "rust": [
        306,
        617,
        621,
        673,
        814
      ]
    },
    "file_sizes": {
      "anarchy_inference": [
        1396,
        2594,
        2332,
        2950,
        3771
      ],
      "python": [
        1388,
        1855,
        2274,
        2754,
        3038
      ],
      "javascript": [
        1310,
        1824,
        2220,
        2570,
        3041
      ],
      "rust": [
        1240,
        2487,
        2534,
        3030,
        3274
      ]
    },
    "char_counts": {
      "anarchy_inference": [
        1340,
        2470,
        2270,
        2872,
        3659
      ],
      "python": [
        1388,
        1855,
        2270,
        2754,
        3038
      ],
      "javascript": [
        1310,
        1824,
        2216,
        2570,
        3041
      ],
      "rust": [
        1240,
        2487,
        2530,
        3030,
        3274
      ]
    }
  },
  "reductions": {
    "vs_python": {
      "task_reductions": [
        -4.5602605863192185,
        -42.263279445727484,
        -2.5925925925925926,
        -7.119205298013245,
        -19.749652294853963
      ],
      "average_reduction": -15.256998043501302
    },
    "vs_javascript": {
      "task_reductions": [
        -5.245901639344262,
        -42.263279445727484,
        -6.94980694980695,
        -14.109347442680775,
        -16.824966078697422
      ],
      "average_reduction": -17.078660311251376
    },
    "vs_rust": {
      "task_reductions": [
        -4.901960784313726,
        0.1620745542949757,
        10.789049919484702,
        3.863298662704309,
        -5.773955773955774
      ],
      "average_reduction": 0.8277013156428973
    }
  }
}